fpr,tpr,threshold
0.0,0.0,inf
0.0,0.0008,0.9999986290931702
0.0,0.0016,0.9999985098838806
0.0,0.0028,0.9999983906745911
0.0,0.0032,0.9999983310699463
0.0,0.0044,0.9999982714653015
0.0,0.0048,0.999998152256012
0.0,0.0072,0.9999980330467224
0.0,0.008,0.9999979138374329
0.0,0.0092,0.9999978542327881
0.0,0.0116,0.9999977946281433
0.0,0.0128,0.9999976754188538
0.0,0.0144,0.999997615814209
0.0,0.0172,0.9999975562095642
0.0,0.0188,0.9999974370002747
0.0,0.0196,0.9999973773956299
0.0,0.026,0.9999971985816956
0.0,0.028,0.9999971389770508
0.0,0.0288,0.999997079372406
0.0,0.0312,0.9999969601631165
0.0,0.0332,0.9999969005584717
0.0,0.0348,0.9999967217445374
0.0,0.0364,0.9999966621398926
0.0,0.0388,0.9999964833259583
0.0,0.0392,0.9999964237213135
0.0,0.0404,0.9999963641166687
0.0,0.0412,0.9999962449073792
0.0,0.0436,0.9999961853027344
0.0,0.0452,0.9999961256980896
0.0,0.048,0.9999960064888
0.0,0.0516,0.999995768070221
0.0,0.054,0.9999957084655762
0.0,0.0576,0.9999954700469971
0.0,0.0584,0.9999952912330627
0.0,0.06,0.999995231628418
0.0,0.062,0.9999951720237732
0.0,0.066,0.9999950528144836
0.0,0.0676,0.9999949336051941
0.0,0.07,0.9999948143959045
0.0,0.0708,0.9999947547912598
0.0,0.0724,0.999994695186615
0.0,0.0732,0.9999945759773254
0.0,0.0748,0.9999945163726807
0.0,0.0756,0.9999942779541016
0.0,0.0772,0.9999940991401672
0.0,0.078,0.9999939799308777
0.0,0.0796,0.9999938607215881
0.0,0.0808,0.9999937415122986
0.0,0.0848,0.9999935626983643
0.0,0.0864,0.9999933838844299
0.0,0.0876,0.9999933242797852
0.0,0.0884,0.9999932646751404
0.0,0.0888,0.9999931454658508
0.0,0.0904,0.999993085861206
0.0,0.0928,0.9999929070472717
0.0,0.0936,0.999992847442627
0.0,0.094,0.9999927878379822
0.0,0.0952,0.9999926090240479
0.0,0.096,0.9999923706054688
0.0,0.0972,0.999992311000824
0.0,0.0976,0.9999921917915344
0.0,0.0992,0.9999921321868896
0.0,0.0996,0.9999920725822449
0.0,0.1012,0.9999918937683105
0.0,0.102,0.9999918341636658
0.0,0.1024,0.9999917149543762
0.0,0.1032,0.9999914765357971
0.0,0.1056,0.999991238117218
0.0,0.1068,0.9999909996986389
0.0,0.1084,0.9999909400939941
0.0,0.1088,0.999990701675415
0.0,0.11,0.9999905228614807
0.0,0.1104,0.9999904632568359
0.0,0.1116,0.9999902844429016
0.0,0.112,0.9999902248382568
0.0,0.1136,0.9999900460243225
0.0,0.1148,0.9999899864196777
0.0,0.1152,0.999989926815033
0.0,0.116,0.9999898076057434
0.0,0.1172,0.999988853931427
0.0,0.1196,0.9999884963035583
0.0,0.12,0.9999883770942688
0.0,0.1212,0.999988317489624
0.0,0.122,0.9999881386756897
0.0,0.1224,0.9999880790710449
0.0,0.1232,0.9999880194664001
0.0,0.1244,0.9999873638153076
0.0,0.126,0.9999870657920837
0.0,0.1272,0.9999864101409912
0.0,0.128,0.9999861121177673
0.0,0.1292,0.9999856352806091
0.0,0.13,0.9999855160713196
0.0,0.132,0.9999844431877136
0.0,0.1344,0.9999842643737793
0.0,0.1384,0.9999821186065674
0.0,0.1396,0.9999812245368958
0.0,0.14,0.999981164932251
0.0,0.1408,0.9999808669090271
0.0,0.1412,0.999980628490448
0.0,0.142,0.9999803900718689
0.0,0.1424,0.9999802708625793
0.0,0.1432,0.9999802112579346
0.0,0.1444,0.9999801516532898
0.0,0.1456,0.9999787211418152
0.0,0.1464,0.9999783635139465
0.0,0.1476,0.9999778866767883
0.0,0.1484,0.9999776482582092
0.0,0.1512,0.9999750256538391
0.0,0.152,0.9999744892120361
0.0,0.1524,0.9999744296073914
0.0,0.1532,0.999974250793457
0.0,0.1612,0.9999663233757019
0.0,0.162,0.9999659657478333
0.0,0.1644,0.9999644160270691
0.0,0.1652,0.9999639987945557
0.0,0.1668,0.9999620318412781
0.0,0.1676,0.9999616742134094
0.0,0.168,0.9999613165855408
0.0,0.1688,0.9999603629112244
0.0,0.174,0.9999535083770752
0.0,0.1752,0.9999532699584961
0.0,0.1776,0.999950110912323
0.0,0.1784,0.9999496340751648
0.0,0.1788,0.999949038028717
0.0,0.1796,0.9999483227729797
0.0,0.1848,0.999938428401947
0.0,0.1856,0.9999381899833679
0.0,0.1912,0.9999303221702576
0.0,0.192,0.9999287128448486
0.0,0.2152,0.9998416304588318
0.0,0.216,0.9998397827148438
0.0,0.4192,0.9341747164726257
0.0004,0.4192,0.9338520169258118
0.0004,0.4816,0.7818208336830139
0.0008,0.4816,0.7808682918548584
0.0008,0.4864,0.7643737196922302
0.0012,0.4864,0.7640859484672546
0.0012,0.4884,0.7588168978691101
0.0016,0.4884,0.7577748894691467
0.0016,0.4892,0.7558324933052063
0.0024,0.4892,0.7545695304870605
0.0024,0.4932,0.735820472240448
0.0028,0.4932,0.7345187067985535
0.0028,0.498,0.7205235958099365
0.0032,0.498,0.720140278339386
0.0032,0.4988,0.7178383469581604
0.0036,0.4988,0.7157512307167053
0.0036,0.504,0.6912775039672852
0.004,0.504,0.6896746754646301
0.004,0.52,0.6396623253822327
0.0044,0.52,0.6382423043251038
0.0044,0.5224,0.6295652985572815
0.0048,0.5224,0.6292269229888916
0.0048,0.5316,0.593829870223999
0.0052,0.5316,0.5930289030075073
0.0052,0.5412,0.5712965726852417
0.0056,0.5412,0.5687653422355652
0.0056,0.5488,0.5537493824958801
0.006,0.5488,0.5508579611778259
0.006,0.5552,0.5347381234169006
0.0064,0.5552,0.5342298150062561
0.0064,0.56,0.5236029624938965
0.0068,0.56,0.5233479738235474
0.0068,0.5644,0.5101468563079834
0.0072,0.5644,0.5095234513282776
0.0072,0.5656,0.5043291449546814
0.008,0.5656,0.5041049122810364
0.008,0.5676,0.49881505966186523
0.0084,0.5676,0.4978140890598297
0.0084,0.568,0.4964786469936371
0.0088,0.568,0.49636217951774597
0.0088,0.5744,0.4834193289279938
0.0092,0.5744,0.4815995395183563
0.0092,0.5756,0.4778633117675781
0.0096,0.5756,0.47690197825431824
0.0096,0.582,0.4603897035121918
0.01,0.582,0.4596991539001465
0.01,0.5828,0.45924660563468933
0.0104,0.5828,0.4590522348880768
0.0104,0.5844,0.45374616980552673
0.0108,0.5844,0.45268332958221436
0.0108,0.5848,0.45234689116477966
0.0112,0.5848,0.45192989706993103
0.0112,0.5856,0.4476196765899658
0.0116,0.5856,0.4448212683200836
0.0116,0.588,0.43342551589012146
0.012,0.588,0.4327317476272583
0.012,0.5892,0.43140292167663574
0.0124,0.5892,0.43052244186401367
0.0124,0.5896,0.4301215708255768
0.0128,0.5896,0.42940959334373474
0.0128,0.5924,0.42370620369911194
0.0132,0.5924,0.42263278365135193
0.0132,0.6076,0.3910648822784424
0.0136,0.6076,0.39091184735298157
0.0136,0.61,0.38497841358184814
0.014,0.61,0.38464343547821045
0.014,0.6104,0.3838706314563751
0.0144,0.6104,0.3830738067626953
0.0144,0.612,0.37928640842437744
0.0148,0.612,0.37745070457458496
0.0148,0.6156,0.36355552077293396
0.0156,0.6156,0.3597327172756195
0.0156,0.6164,0.35849177837371826
0.016,0.6164,0.3583733141422272
0.016,0.6176,0.3567059338092804
0.0168,0.6176,0.35608041286468506
0.0168,0.622,0.346907377243042
0.0176,0.622,0.34450986981391907
0.0176,0.6224,0.3442091941833496
0.0188,0.6224,0.34227702021598816
0.0188,0.6232,0.3400903046131134
0.0192,0.6232,0.33810245990753174
0.0192,0.6256,0.33447206020355225
0.0196,0.6256,0.3335361182689667
0.0196,0.626,0.33341601490974426
0.02,0.626,0.3334094285964966
0.02,0.6332,0.32106178998947144
0.0204,0.6332,0.32088008522987366
0.0204,0.6344,0.31726861000061035
0.0212,0.6344,0.3136078119277954
0.0212,0.6364,0.3114284574985504
0.0216,0.6364,0.3112321197986603
0.0216,0.6372,0.3092603385448456
0.022,0.6372,0.3084333837032318
0.022,0.6384,0.30755171179771423
0.0228,0.6384,0.30533596873283386
0.0228,0.6396,0.30410125851631165
0.0232,0.6396,0.30345773696899414
0.0232,0.64,0.3026396334171295
0.024,0.64,0.3014288544654846
0.024,0.6416,0.29977068305015564
0.0248,0.6416,0.2993159592151642
0.0248,0.6424,0.29765671491622925
0.0252,0.6424,0.2972070872783661
0.0252,0.6428,0.2966609299182892
0.0256,0.6428,0.2965840995311737
0.0256,0.6432,0.29637232422828674
0.0264,0.6432,0.29486873745918274
0.0264,0.6444,0.2935800850391388
0.0268,0.6444,0.29229387640953064
0.0268,0.6464,0.2882293164730072
0.0272,0.6464,0.28814759850502014
0.0272,0.6472,0.28721848130226135
0.0276,0.6472,0.28682658076286316
0.0276,0.6504,0.2828880548477173
0.028,0.6504,0.28284165263175964
0.028,0.6508,0.28265509009361267
0.0284,0.6508,0.2820301949977875
0.0284,0.6516,0.2818973660469055
0.0288,0.6516,0.28161874413490295
0.0288,0.6524,0.2810267508029938
0.0292,0.6524,0.2806438207626343
0.0292,0.6544,0.2768508195877075
0.03,0.6544,0.27540260553359985
0.03,0.6584,0.2687986195087433
0.0304,0.6584,0.2686447203159332
0.0304,0.6596,0.2676704227924347
0.0312,0.6596,0.26613786816596985
0.0312,0.66,0.2661103904247284
0.032,0.66,0.26541537046432495
0.032,0.6616,0.2631250321865082
0.0324,0.6616,0.26297739148139954
0.0324,0.662,0.26288554072380066
0.0328,0.662,0.2620074450969696
0.0328,0.6636,0.26064640283584595
0.0332,0.6636,0.2583339512348175
0.0332,0.6688,0.25411149859428406
0.0336,0.6688,0.253193736076355
0.0336,0.67,0.25160035490989685
0.034,0.67,0.251175194978714
0.034,0.6732,0.24599303305149078
0.0344,0.6732,0.24571889638900757
0.0344,0.674,0.24535270035266876
0.0348,0.674,0.24501629173755646
0.0348,0.6768,0.24134059250354767
0.0352,0.6768,0.24089521169662476
0.0352,0.678,0.2403872162103653
0.0356,0.678,0.24026697874069214
0.0356,0.6788,0.236624076962471
0.0368,0.6788,0.23521651327610016
0.0368,0.6804,0.23471243679523468
0.0376,0.6804,0.23421506583690643
0.0376,0.6808,0.23404723405838013
0.038,0.6808,0.23387020826339722
0.038,0.6828,0.22877724468708038
0.0384,0.6828,0.22846882045269012
0.0384,0.684,0.22640712559223175
0.0388,0.684,0.22591184079647064
0.0388,0.6848,0.22584863007068634
0.0404,0.6848,0.2249835729598999
0.0404,0.6852,0.22468741238117218
0.0412,0.6852,0.22369438409805298
0.0412,0.6856,0.22335173189640045
0.0416,0.6856,0.22277893126010895
0.0416,0.6884,0.2201705425977707
0.0428,0.6884,0.21962673962116241
0.0428,0.6888,0.2196107655763626
0.0432,0.6888,0.21899628639221191
0.0432,0.6892,0.21848325431346893
0.0436,0.6892,0.2182484120130539
0.0436,0.6896,0.21769188344478607
0.044,0.6896,0.21737082302570343
0.044,0.69,0.2173236608505249
0.0448,0.69,0.2167983055114746
0.0448,0.6904,0.2167646884918213
0.0456,0.6904,0.2163170576095581
0.0456,0.6916,0.21531100571155548
0.0464,0.6916,0.21515850722789764
0.0464,0.692,0.2151358276605606
0.0472,0.692,0.21463032066822052
0.0472,0.6932,0.21419592201709747
0.0484,0.6932,0.21324993669986725
0.0484,0.6944,0.2117384523153305
0.0488,0.6944,0.2112186998128891
0.0488,0.6952,0.21053169667720795
0.0504,0.6952,0.2091856449842453
0.0504,0.6972,0.20685668289661407
0.0508,0.6972,0.20667289197444916
0.0508,0.6988,0.20595215260982513
0.0524,0.6988,0.20529989898204803
0.0524,0.6992,0.2047860026359558
0.0528,0.6992,0.2045913189649582
0.0528,0.6996,0.20453661680221558
0.0532,0.6996,0.20433783531188965
0.0532,0.7004,0.20418767631053925
0.054,0.7004,0.2039327174425125
0.054,0.7016,0.20341722667217255
0.0544,0.7016,0.20294003188610077
0.0544,0.702,0.2027326077222824
0.0548,0.702,0.20254988968372345
0.0548,0.704,0.20055896043777466
0.0552,0.704,0.20036375522613525
0.0552,0.7044,0.2001422643661499
0.056,0.7044,0.19937406480312347
0.056,0.7052,0.19870497286319733
0.0564,0.7052,0.1982036828994751
0.0564,0.7068,0.19776912033557892
0.0568,0.7068,0.1975110024213791
0.0568,0.7076,0.19725872576236725
0.0572,0.7076,0.19642959535121918
0.0572,0.708,0.19591887295246124
0.058,0.708,0.19429878890514374
0.058,0.7084,0.19412966072559357
0.0584,0.7084,0.1938861608505249
0.0584,0.7096,0.19274966418743134
0.0588,0.7096,0.19257821142673492
0.0588,0.7108,0.19207262992858887
0.0596,0.7108,0.19096605479717255
0.0596,0.7112,0.18995200097560883
0.06,0.7112,0.1898440718650818
0.06,0.712,0.1885726898908615
0.0608,0.712,0.18779176473617554
0.0608,0.7136,0.18620149791240692
0.0612,0.7136,0.18585042655467987
0.0612,0.7152,0.18396104872226715
0.062,0.7152,0.18387500941753387
0.062,0.7164,0.18175344169139862
0.0628,0.7164,0.1807612180709839
0.0628,0.7172,0.1794772744178772
0.0632,0.7172,0.17944638431072235
0.0632,0.718,0.17893797159194946
0.0636,0.718,0.1787205934524536
0.0636,0.7184,0.17840547859668732
0.064,0.7184,0.17824910581111908
0.064,0.7188,0.17802371084690094
0.0644,0.7188,0.17784114181995392
0.0644,0.7196,0.17662720382213593
0.0648,0.7196,0.17659281194210052
0.0648,0.72,0.1765618473291397
0.0652,0.72,0.17650417983531952
0.0652,0.7204,0.1764499396085739
0.0656,0.7204,0.17644478380680084
0.0656,0.7212,0.175059974193573
0.066,0.7212,0.17502973973751068
0.066,0.7232,0.17406804859638214
0.0664,0.7232,0.17330925166606903
0.0664,0.724,0.17267674207687378
0.0672,0.724,0.17234109342098236
0.0672,0.7244,0.17147839069366455
0.0676,0.7244,0.1714031845331192
0.0676,0.7248,0.1713108867406845
0.068,0.7248,0.17119891941547394
0.068,0.7252,0.17112810909748077
0.0688,0.7252,0.17086417973041534
0.0688,0.726,0.16911852359771729
0.0692,0.726,0.16867494583129883
0.0692,0.7272,0.1676476150751114
0.0696,0.7272,0.1675563007593155
0.0696,0.728,0.1667153388261795
0.07,0.728,0.16669277846813202
0.07,0.73,0.16410814225673676
0.0704,0.73,0.1640682965517044
0.0704,0.7312,0.1637103110551834
0.0708,0.7312,0.16308759152889252
0.0708,0.7316,0.16212795674800873
0.0712,0.7316,0.1618933081626892
0.0712,0.7324,0.161491259932518
0.0716,0.7324,0.1605892926454544
0.0716,0.7356,0.15805010497570038
0.072,0.7356,0.15768297016620636
0.072,0.7368,0.15680097043514252
0.0724,0.7368,0.15671074390411377
0.0724,0.7372,0.15663984417915344
0.0728,0.7372,0.15629751980304718
0.0728,0.738,0.1558670550584793
0.0732,0.738,0.1556147187948227
0.0732,0.7392,0.15445476770401
0.074,0.7392,0.15381444990634918
0.074,0.7396,0.15359078347682953
0.0744,0.7396,0.1533854454755783
0.0744,0.7424,0.1521984189748764
0.0752,0.7424,0.1514926552772522
0.0752,0.7432,0.15091359615325928
0.0756,0.7432,0.15088626742362976
0.0756,0.7436,0.15087150037288666
0.076,0.7436,0.15061192214488983
0.076,0.744,0.15026049315929413
0.0776,0.744,0.14793744683265686
0.0776,0.7456,0.14660321176052094
0.078,0.7456,0.14614151418209076
0.078,0.7464,0.1455749124288559
0.0784,0.7464,0.14510540664196014
0.0784,0.7468,0.14472542703151703
0.0792,0.7468,0.14452767372131348
0.0792,0.7488,0.14390645921230316
0.0796,0.7488,0.14365267753601074
0.0796,0.75,0.14341837167739868
0.08,0.75,0.14318378269672394
0.08,0.7504,0.1427208036184311
0.0804,0.7504,0.14259681105613708
0.0804,0.7524,0.14110006392002106
0.0816,0.7524,0.14069904386997223
0.0816,0.7532,0.14016245305538177
0.082,0.7532,0.14004302024841309
0.082,0.754,0.13963831961154938
0.0824,0.754,0.13962237536907196
0.0824,0.7544,0.1394229680299759
0.0832,0.7544,0.13927829265594482
0.0832,0.7552,0.13872529566287994
0.0844,0.7552,0.13780337572097778
0.0844,0.756,0.13737274706363678
0.0852,0.756,0.13729923963546753
0.0852,0.7564,0.1362248659133911
0.0868,0.7564,0.13580365478992462
0.0868,0.7568,0.13548152148723602
0.0876,0.7568,0.13509021699428558
0.0876,0.7572,0.13501417636871338
0.088,0.7572,0.13500578701496124
0.088,0.7584,0.13456521928310394
0.0884,0.7584,0.1339448094367981
0.0884,0.7604,0.13260804116725922
0.0896,0.7604,0.1314832717180252
0.0896,0.7608,0.131334125995636
0.09,0.7608,0.1311824768781662
0.09,0.7612,0.1309998780488968
0.0904,0.7612,0.13093669712543488
0.0904,0.762,0.13014724850654602
0.0908,0.762,0.1300370693206787
0.0908,0.7628,0.129804328083992
0.0912,0.7628,0.1297447383403778
0.0912,0.7636,0.12954792380332947
0.0916,0.7636,0.12933547794818878
0.0916,0.7644,0.12928026914596558
0.0924,0.7644,0.12907592952251434
0.0924,0.7648,0.1289934515953064
0.0932,0.7648,0.12889833748340607
0.0932,0.7656,0.12870104610919952
0.0936,0.7656,0.12838272750377655
0.0936,0.7672,0.12705156207084656
0.094,0.7672,0.12677060067653656
0.094,0.7676,0.12669676542282104
0.0956,0.7676,0.12419503927230835
0.0956,0.768,0.12400009483098984
0.096,0.768,0.12347379326820374
0.096,0.7688,0.12320014089345932
0.098,0.7688,0.12245561927556992
0.098,0.7692,0.12242846935987473
0.0984,0.7692,0.12153974920511246
0.0984,0.77,0.12142801284790039
0.0988,0.77,0.12122800201177597
0.0988,0.7704,0.12110095471143723
0.0992,0.7704,0.1206383928656578
0.0992,0.7708,0.12037428468465805
0.1,0.7708,0.11996925622224808
0.1,0.7716,0.11984208226203918
0.1004,0.7716,0.1191960871219635
0.1004,0.7724,0.11908936500549316
0.1016,0.7724,0.11882571130990982
0.1016,0.7728,0.11881644278764725
0.102,0.7728,0.11876637488603592
0.102,0.7732,0.11857620626688004
0.1028,0.7732,0.11853911727666855
0.1028,0.774,0.11822709441184998
0.1032,0.774,0.11820113658905029
0.1032,0.7756,0.11731063574552536
0.1036,0.7756,0.11730822920799255
0.1036,0.7764,0.1168225035071373
0.104,0.7764,0.11634740978479385
0.104,0.7772,0.11621266603469849
0.1044,0.7772,0.116002656519413
0.1044,0.7776,0.11598009616136551
0.1048,0.7776,0.1159120574593544
0.1048,0.7788,0.11532115191221237
0.1068,0.7788,0.11425673961639404
0.1068,0.7812,0.11261472851037979
0.1072,0.7812,0.11242479085922241
0.1072,0.7816,0.11186216026544571
0.1076,0.7816,0.11156362295150757
0.1076,0.782,0.1115027442574501
0.108,0.782,0.11132930964231491
0.108,0.7824,0.11093457788228989
0.1084,0.7824,0.11062771081924438
0.1084,0.7832,0.11008777469396591
0.1088,0.7832,0.11005932837724686
0.1088,0.784,0.10969751328229904
0.1092,0.784,0.10967150330543518
0.1092,0.7852,0.10938220471143723
0.1096,0.7852,0.10936468094587326
0.1096,0.786,0.10916850715875626
0.1112,0.786,0.10829480737447739
0.1112,0.7864,0.10819798707962036
0.1132,0.7864,0.10748504847288132
0.1132,0.7872,0.10721669346094131
0.114,0.7872,0.1070050597190857
0.114,0.788,0.10677794367074966
0.1144,0.788,0.10653281211853027
0.1144,0.7884,0.10643947124481201
0.1152,0.7884,0.1063508614897728
0.1152,0.7892,0.10606036335229874
0.1156,0.7892,0.10587844997644424
0.1156,0.7896,0.10567391663789749
0.1164,0.7896,0.1050964891910553
0.1164,0.7912,0.10481777787208557
0.1172,0.7912,0.1047835424542427
0.1172,0.7916,0.1047658696770668
0.1176,0.7916,0.10473855584859848
0.1176,0.7924,0.10447772592306137
0.118,0.7924,0.10430508852005005
0.118,0.7936,0.10379412025213242
0.1184,0.7936,0.10375463217496872
0.1184,0.7948,0.10317597538232803
0.1204,0.7948,0.10262320190668106
0.1204,0.7956,0.10233595967292786
0.1212,0.7956,0.10219750553369522
0.1212,0.796,0.10218557715415955
0.1216,0.796,0.1019032895565033
0.1216,0.7964,0.1016034260392189
0.122,0.7964,0.10137003660202026
0.122,0.7968,0.10120340436697006
0.1232,0.7968,0.10102058202028275
0.124,0.7968,0.10099475830793381
0.124,0.7984,0.10011985152959824
0.1248,0.7984,0.09980634599924088
0.1248,0.7988,0.09976903349161148
0.1256,0.7988,0.09951592236757278
0.1256,0.8,0.09908556938171387
0.1264,0.8,0.09785714000463486
0.1264,0.8004,0.0977490246295929
0.1284,0.8004,0.09731560200452805
0.1284,0.8008,0.09730511158704758
0.1292,0.8008,0.09717506170272827
0.1292,0.8012,0.09676571935415268
0.1316,0.8012,0.09608479589223862
0.1316,0.8024,0.09555402398109436
0.1332,0.8024,0.09471838921308517
0.1332,0.8036,0.0944923534989357
0.1336,0.8036,0.0944015383720398
0.1336,0.804,0.09429667145013809
0.1368,0.804,0.0935506522655487
0.1368,0.8048,0.09344329684972763
0.1376,0.8048,0.09307948499917984
0.1376,0.8052,0.09307888895273209
0.14,0.8052,0.09269725531339645
0.14,0.806,0.09244783967733383
0.1408,0.806,0.09233168512582779
0.1408,0.8068,0.09212368726730347
0.1412,0.8068,0.09207174926996231
0.1412,0.8072,0.09205622225999832
0.1416,0.8072,0.09175589680671692
0.1416,0.8076,0.0915999785065651
0.1456,0.8076,0.09055283665657043
0.1456,0.8092,0.09011247754096985
0.146,0.8092,0.09006526321172714
0.146,0.81,0.08989367634057999
0.1464,0.81,0.08957940340042114
0.1464,0.8116,0.08932432532310486
0.1468,0.8116,0.08917029947042465
0.1468,0.812,0.08891110867261887
0.148,0.812,0.08858572691679001
0.148,0.8128,0.08790499716997147
0.1484,0.8128,0.08783543109893799
0.1484,0.814,0.0872262716293335
0.1488,0.814,0.08719564229249954
0.1488,0.8144,0.08711478859186172
0.1492,0.8144,0.0868736281991005
0.1492,0.8152,0.08679438382387161
0.1496,0.8152,0.08679118752479553
0.1496,0.8164,0.08649862557649612
0.15,0.8164,0.0862034261226654
0.15,0.8168,0.08598321676254272
0.1504,0.8168,0.08596429228782654
0.1504,0.8172,0.08578773587942123
0.1508,0.8172,0.08552929759025574
0.1508,0.8188,0.08511341363191605
0.1512,0.8188,0.0850413516163826
0.1512,0.8196,0.08453304320573807
0.1524,0.8196,0.08437275141477585
0.1524,0.82,0.08434098213911057
0.1528,0.82,0.08427927643060684
0.1528,0.8204,0.08424841612577438
0.1536,0.8204,0.08400560170412064
0.1536,0.8208,0.08399578183889389
0.154,0.8208,0.08385079354047775
0.154,0.8212,0.08372486382722855
0.1548,0.8212,0.08368998765945435
0.1548,0.8216,0.08344056457281113
0.1552,0.8216,0.08309365808963776
0.1552,0.8224,0.08282596617937088
0.1556,0.8224,0.08260095864534378
0.1556,0.8232,0.08242454379796982
0.1564,0.8232,0.08227144926786423
0.1564,0.8236,0.08223816007375717
0.1592,0.8236,0.08117980509996414
0.1592,0.824,0.08112361282110214
0.1596,0.824,0.08093776553869247
0.1596,0.8244,0.08090386539697647
0.1608,0.8244,0.08076780289411545
0.1608,0.8248,0.08052103221416473
0.1616,0.8248,0.08021580427885056
0.1616,0.8252,0.08013643324375153
0.162,0.8252,0.07999542355537415
0.162,0.8256,0.07992107421159744
0.1624,0.8256,0.07983105629682541
0.1624,0.826,0.07978032529354095
0.1628,0.826,0.07977663725614548
0.1628,0.8264,0.07953710108995438
0.164,0.8264,0.07919397205114365
0.164,0.8276,0.07887079566717148
0.1648,0.8276,0.07883822917938232
0.1648,0.828,0.07879815250635147
0.1652,0.828,0.07875751703977585
0.1652,0.8292,0.07837358117103577
0.1664,0.8292,0.07804521173238754
0.1664,0.8296,0.07790903002023697
0.1668,0.8296,0.07784800976514816
0.1668,0.8304,0.07771766930818558
0.1672,0.8304,0.07765334099531174
0.1672,0.8324,0.07734961062669754
0.1688,0.8324,0.07652845233678818
0.1688,0.8328,0.07646280527114868
0.1696,0.8328,0.07606063783168793
0.1696,0.8336,0.07573321461677551
0.17,0.8336,0.07572173327207565
0.17,0.834,0.07570300251245499
0.1708,0.834,0.07517211884260178
0.1708,0.8344,0.0751054659485817
0.172,0.8344,0.0747784748673439
0.172,0.8348,0.07475350052118301
0.1728,0.8348,0.07445207238197327
0.1728,0.8352,0.0744454562664032
0.1732,0.8352,0.07429361343383789
0.1732,0.836,0.07410121709108353
0.1744,0.836,0.07394722104072571
0.1744,0.8364,0.07390937954187393
0.1748,0.8364,0.07380546629428864
0.1748,0.8368,0.07352422177791595
0.1772,0.8368,0.07311561703681946
0.1772,0.8372,0.07281742244958878
0.1796,0.8372,0.07226670533418655
0.1796,0.8376,0.07208206504583359
0.1804,0.8376,0.07199210673570633
0.1804,0.8384,0.07175081223249435
0.1824,0.8384,0.07140468806028366
0.1824,0.8388,0.07139575481414795
0.1828,0.8388,0.07134725898504257
0.1828,0.8392,0.07132811099290848
0.1832,0.8392,0.07114916294813156
0.1832,0.84,0.07100201398134232
0.1872,0.84,0.07020176202058792
0.1872,0.8404,0.06988722085952759
0.1884,0.8404,0.06943695992231369
0.1884,0.8412,0.06935655325651169
0.1896,0.8412,0.06908651441335678
0.1896,0.8416,0.06898718327283859
0.1928,0.8416,0.06804078072309494
0.1928,0.842,0.06798484921455383
0.194,0.842,0.06777995079755783
0.194,0.8424,0.06775739789009094
0.1952,0.8424,0.06738150864839554
0.1952,0.8428,0.06735862046480179
0.1956,0.8428,0.06735587120056152
0.1956,0.8436,0.06733544170856476
0.1968,0.8436,0.06717971712350845
0.1968,0.8452,0.0667603611946106
0.198,0.8452,0.06596402823925018
0.198,0.8456,0.06592219322919846
0.1988,0.8456,0.06583961099386215
0.1988,0.846,0.06571035832166672
0.1996,0.846,0.065538689494133
0.1996,0.8464,0.06550079584121704
0.2032,0.8464,0.0648450031876564
0.2032,0.8468,0.06472612172365189
0.2036,0.8468,0.06472498923540115
0.2036,0.8472,0.06465265899896622
0.2052,0.8472,0.0643179714679718
0.2052,0.8496,0.06368214637041092
0.2056,0.8496,0.06365058571100235
0.2056,0.85,0.06355259567499161
0.2076,0.85,0.0629827082157135
0.2076,0.8508,0.06290639191865921
0.208,0.8508,0.06289283186197281
0.208,0.8512,0.062601238489151
0.2084,0.8512,0.06256843358278275
0.2084,0.8516,0.0625436082482338
0.2096,0.8516,0.06231418624520302
0.2096,0.852,0.06224342808127403
0.2108,0.852,0.06205272674560547
0.2108,0.8524,0.06192033365368843
0.2112,0.8524,0.061900634318590164
0.2112,0.8532,0.06172190234065056
0.212,0.8532,0.06165581941604614
0.212,0.8536,0.061635587364435196
0.2124,0.8536,0.06156463548541069
0.2124,0.854,0.0615602470934391
0.2148,0.854,0.061322376132011414
0.2148,0.8544,0.06130734458565712
0.2168,0.8544,0.06076129153370857
0.2168,0.8552,0.06061561778187752
0.2176,0.8552,0.06030774116516113
0.2176,0.8556,0.06025265157222748
0.2184,0.8556,0.0601925402879715
0.2184,0.856,0.060110028833150864
0.2208,0.856,0.05980568751692772
0.2208,0.8568,0.05979623273015022
0.2224,0.8568,0.0596134327352047
0.2224,0.8576,0.05942290648818016
0.2232,0.8576,0.05937153473496437
0.2232,0.858,0.059314850717782974
0.2244,0.858,0.0591229647397995
0.2244,0.8592,0.05902442708611488
0.2252,0.8592,0.058912262320518494
0.2252,0.86,0.05870642140507698
0.2256,0.86,0.05870404466986656
0.2256,0.8604,0.05870238319039345
0.228,0.8604,0.058395933359861374
0.228,0.8608,0.05837434530258179
0.2284,0.8608,0.05830314755439758
0.2284,0.8612,0.05824192985892296
0.2316,0.8612,0.05784367397427559
0.2316,0.8616,0.057811494916677475
0.232,0.8616,0.05775602534413338
0.232,0.862,0.057707902044057846
0.2324,0.862,0.057465631514787674
0.2324,0.8624,0.0573684386909008
0.2328,0.8624,0.05732746049761772
0.2328,0.8628,0.05729414522647858
0.234,0.8628,0.05703616514801979
0.234,0.8632,0.05701075494289398
0.2344,0.8632,0.05699482187628746
0.2344,0.8636,0.056917499750852585
0.2356,0.8636,0.05675813555717468
0.2356,0.864,0.05672366917133331
0.2364,0.864,0.05649299547076225
0.2364,0.8648,0.05647265538573265
0.2388,0.8648,0.056128885596990585
0.2388,0.8656,0.05604414641857147
0.2412,0.8656,0.05568799003958702
0.2412,0.866,0.05565660074353218
0.2424,0.866,0.05559306964278221
0.2424,0.8664,0.055577680468559265
0.2428,0.8664,0.05554046854376793
0.2428,0.8688,0.055241137742996216
0.2476,0.8688,0.05456442013382912
0.2476,0.8692,0.05454234406352043
0.2484,0.8692,0.05451196804642677
0.2484,0.8696,0.05448627844452858
0.2496,0.8696,0.054087650030851364
0.2496,0.87,0.05396069586277008
0.2508,0.87,0.053695231676101685
0.2508,0.8708,0.05353483930230141
0.2516,0.8708,0.05350284278392792
0.2516,0.8712,0.053458359092473984
0.2524,0.8712,0.053391341120004654
0.2524,0.872,0.05327284336090088
0.2568,0.872,0.05250564590096474
0.2568,0.8724,0.05217951163649559
0.2584,0.8724,0.05207191780209541
0.2584,0.8728,0.052063897252082825
0.2588,0.8728,0.05196602642536163
0.2588,0.8732,0.051936518400907516
0.2604,0.8732,0.051629576832056046
0.2604,0.8736,0.051559995859861374
0.2612,0.8736,0.051524773240089417
0.2612,0.874,0.051326606422662735
0.262,0.874,0.051238447427749634
0.262,0.8748,0.05101383849978447
0.2636,0.8748,0.05072283372282982
0.2636,0.8756,0.050627365708351135
0.2644,0.8756,0.05050502344965935
0.2644,0.876,0.0504780150949955
0.2652,0.876,0.05032933130860329
0.2652,0.8764,0.05029894784092903
0.2656,0.8764,0.05027123913168907
0.2656,0.8768,0.05025924742221832
0.2668,0.8768,0.05018724128603935
0.2668,0.8772,0.050087541341781616
0.2684,0.8772,0.04994131624698639
0.2684,0.8776,0.049877677112817764
0.2688,0.8776,0.0498640276491642
0.2688,0.878,0.04986253380775452
0.2708,0.878,0.04950231686234474
0.2708,0.8784,0.049476172775030136
0.2716,0.8784,0.049418386071920395
0.2716,0.8788,0.049389440566301346
0.272,0.8788,0.049288034439086914
0.272,0.8792,0.04916185140609741
0.2728,0.8792,0.04905352368950844
0.2728,0.8796,0.04903006926178932
0.2736,0.8796,0.04882856830954552
0.2736,0.88,0.048816680908203125
0.2772,0.88,0.048373688012361526
0.2772,0.8804,0.04834863916039467
0.2788,0.8804,0.04812708869576454
0.2788,0.8808,0.04811275377869606
0.28,0.8808,0.048068832606077194
0.28,0.882,0.04796324297785759
0.2812,0.882,0.04791398346424103
0.2812,0.8824,0.04775896295905113
0.2844,0.8824,0.04716558754444122
0.2844,0.8828,0.047122225165367126
0.286,0.8828,0.04704597592353821
0.286,0.8836,0.0465744324028492
0.2864,0.8836,0.046522531658411026
0.2864,0.8848,0.0463314950466156
0.2868,0.8848,0.04631238803267479
0.2868,0.8852,0.04605792090296745
0.2876,0.8852,0.045784249901771545
0.2876,0.8856,0.04576065018773079
0.2892,0.8856,0.04559851810336113
0.2892,0.886,0.04546594247221947
0.29,0.886,0.04537532106041908
0.29,0.8864,0.04532846808433533
0.2908,0.8864,0.04529370367527008
0.2908,0.8868,0.045023102313280106
0.2912,0.8868,0.04499313607811928
0.2912,0.8872,0.044931069016456604
0.292,0.8872,0.04479558765888214
0.292,0.8876,0.04475352540612221
0.2932,0.8876,0.04467790201306343
0.2932,0.888,0.044624537229537964
0.2964,0.888,0.044312406331300735
0.2964,0.8884,0.044303517788648605
0.2972,0.8884,0.04398556426167488
0.2972,0.8892,0.04394422098994255
0.2984,0.8892,0.04386467859148979
0.2984,0.8896,0.04385429620742798
0.3,0.8896,0.04362579062581062
0.3,0.89,0.043536026030778885
0.3024,0.89,0.04338011145591736
0.3024,0.8904,0.043343160301446915
0.3036,0.8904,0.043262381106615067
0.3036,0.8912,0.04315316677093506
0.304,0.8912,0.043120596557855606
0.304,0.8916,0.04306614771485329
0.3048,0.8916,0.0429517924785614
0.3048,0.892,0.04290283843874931
0.3064,0.892,0.042588528245687485
0.3064,0.8924,0.04258743301033974
0.3076,0.8924,0.04244384542107582
0.3076,0.8932,0.042323485016822815
0.3084,0.8932,0.04226354882121086
0.3084,0.8936,0.04211190342903137
0.3096,0.8936,0.04203380271792412
0.3096,0.8948,0.04196658357977867
0.31,0.8948,0.04189125820994377
0.31,0.8952,0.04182928428053856
0.312,0.8952,0.041732460260391235
0.312,0.8956,0.041672077029943466
0.3136,0.8956,0.041426368057727814
0.3136,0.8968,0.04116477817296982
0.3144,0.8968,0.04110930487513542
0.3144,0.8972,0.041058287024497986
0.316,0.8972,0.04075658693909645
0.316,0.8976,0.040664076805114746
0.32,0.8976,0.04021169990301132
0.32,0.898,0.04017498716711998
0.3216,0.898,0.03956621140241623
0.3216,0.8984,0.039524804800748825
0.3232,0.8984,0.03924724459648132
0.3232,0.8992,0.03914038464426994
0.3248,0.8992,0.03909314051270485
0.3248,0.8996,0.039056338369846344
0.3256,0.8996,0.038740742951631546
0.3256,0.9004,0.03867785260081291
0.328,0.9004,0.03854489326477051
0.328,0.9008,0.03851965069770813
0.3292,0.9008,0.03843296691775322
0.3292,0.9012,0.03842341527342796
0.3312,0.9012,0.038189418613910675
0.3312,0.9016,0.03810841962695122
0.332,0.9016,0.03804570809006691
0.332,0.902,0.038006871938705444
0.3344,0.902,0.037866659462451935
0.3344,0.9024,0.037852268666028976
0.3356,0.9024,0.03778322786092758
0.3356,0.9028,0.037763018161058426
0.336,0.9028,0.037657033652067184
0.336,0.9032,0.03762434050440788
0.3364,0.9032,0.03760557249188423
0.3364,0.9036,0.03755105286836624
0.3376,0.9036,0.03742385283112526
0.3376,0.904,0.037398409098386765
0.338,0.904,0.037390049546957016
0.338,0.9048,0.03729137033224106
0.3388,0.9048,0.03715036064386368
0.3388,0.9052,0.03710354492068291
0.3396,0.9052,0.03707394376397133
0.3396,0.9056,0.037057820707559586
0.3424,0.9056,0.03677842393517494
0.3424,0.906,0.036687370389699936
0.3448,0.906,0.036327142268419266
0.3448,0.9064,0.03632031008601189
0.3464,0.9064,0.036160655319690704
0.3464,0.9068,0.03611775115132332
0.3472,0.9068,0.03611274063587189
0.3472,0.9072,0.03605116903781891
0.3476,0.9072,0.03596934303641319
0.3476,0.9076,0.03589849919080734
0.3484,0.9076,0.03580814599990845
0.3484,0.908,0.03572753816843033
0.3488,0.908,0.03567003831267357
0.3488,0.9084,0.035663045942783356
0.3508,0.9084,0.03550342470407486
0.3508,0.9088,0.03550100326538086
0.3512,0.9088,0.03546559438109398
0.3512,0.9092,0.035385727882385254
0.3528,0.9092,0.035183459520339966
0.3528,0.9096,0.03511521592736244
0.356,0.9096,0.03498351201415062
0.356,0.9104,0.034944649785757065
0.3616,0.9104,0.03436766192317009
0.3616,0.9112,0.034336622804403305
0.3628,0.9112,0.03419351950287819
0.3628,0.9116,0.034175943583250046
0.3632,0.9116,0.03408261016011238
0.3632,0.912,0.03401574492454529
0.364,0.912,0.03397718071937561
0.364,0.9124,0.03393740952014923
0.3644,0.9124,0.03388891741633415
0.3644,0.9132,0.03385533019900322
0.366,0.9132,0.03368779644370079
0.366,0.9136,0.03367801010608673
0.3664,0.9136,0.03367661312222481
0.3664,0.914,0.03367377817630768
0.3672,0.914,0.03356238827109337
0.3672,0.9148,0.033471133559942245
0.3684,0.9148,0.033305782824754715
0.3684,0.9152,0.03329494968056679
0.3732,0.9152,0.03268364444375038
0.3732,0.9156,0.03266309201717377
0.374,0.9156,0.03254152461886406
0.374,0.916,0.032504450529813766
0.3752,0.916,0.032348308712244034
0.3752,0.9164,0.0323210135102272
0.3764,0.9164,0.03225003555417061
0.3764,0.9168,0.03221060335636139
0.3784,0.9168,0.031982604414224625
0.3784,0.9172,0.031940024346113205
0.3792,0.9172,0.03174348920583725
0.3792,0.918,0.031698014587163925
0.3824,0.918,0.031175995245575905
0.3824,0.9184,0.03106706589460373
0.3832,0.9184,0.030958255752921104
0.3832,0.9192,0.03080485202372074
0.3836,0.9192,0.03072335757315159
0.3836,0.9196,0.030618228018283844
0.3848,0.9196,0.030417436733841896
0.3848,0.92,0.0304090678691864
0.3852,0.92,0.030397072434425354
0.3852,0.9204,0.03036276064813137
0.3868,0.9204,0.03030296415090561
0.3868,0.9208,0.030244743451476097
0.3916,0.9208,0.029737358912825584
0.3916,0.9212,0.02969943918287754
0.394,0.9212,0.029529133811593056
0.394,0.9216,0.02940240316092968
0.3952,0.9216,0.02936813235282898
0.3952,0.9224,0.029305284842848778
0.3984,0.9224,0.028987176716327667
0.3984,0.9228,0.028934568166732788
0.3996,0.9228,0.02878018282353878
0.3996,0.924,0.02870635874569416
0.4,0.924,0.028687603771686554
0.4,0.9252,0.028584979474544525
0.402,0.9252,0.028404271230101585
0.402,0.9256,0.028361694887280464
0.4024,0.9256,0.028307845816016197
0.4024,0.9264,0.028224198147654533
0.4032,0.9264,0.02813900075852871
0.4032,0.9268,0.028138011693954468
0.404,0.9268,0.028082305565476418
0.404,0.9276,0.028052106499671936
0.4056,0.9276,0.027839986607432365
0.4056,0.928,0.027828922495245934
0.4072,0.928,0.027771150693297386
0.4072,0.9284,0.027703629806637764
0.4136,0.9284,0.027351580560207367
0.4136,0.9288,0.027332035824656487
0.416,0.9288,0.027057288214564323
0.416,0.9292,0.027050016447901726
0.4164,0.9292,0.027023570612072945
0.4164,0.9296,0.026954082772135735
0.4172,0.9296,0.02691936306655407
0.4172,0.93,0.026908593252301216
0.4192,0.93,0.026759279891848564
0.4192,0.9304,0.0266908947378397
0.4256,0.9304,0.026284566149115562
0.4256,0.9308,0.026250964030623436
0.4264,0.9308,0.026169558987021446
0.4264,0.9312,0.026157526299357414
0.4276,0.9312,0.025998404249548912
0.4276,0.9316,0.025994151830673218
0.428,0.9316,0.02598951943218708
0.428,0.932,0.025981871411204338
0.4296,0.932,0.02588474005460739
0.4296,0.9328,0.025838380679488182
0.4312,0.9328,0.025698930025100708
0.4312,0.9332,0.025680383667349815
0.4324,0.9332,0.02563335746526718
0.4324,0.9336,0.025569209828972816
0.4344,0.9336,0.025506317615509033
0.4344,0.934,0.025476573035120964
0.436,0.934,0.025340424850583076
0.436,0.9348,0.025316232815384865
0.4412,0.9348,0.024912498891353607
0.4412,0.9352,0.02490231953561306
0.4472,0.9352,0.02434597909450531
0.4472,0.9356,0.024331262335181236
0.45,0.9356,0.024216284975409508
0.45,0.936,0.024212820455431938
0.4512,0.936,0.024189986288547516
0.4512,0.9364,0.024182943627238274
0.4524,0.9364,0.024148249998688698
0.4524,0.9368,0.024147719144821167
0.4536,0.9368,0.02401551604270935
0.4536,0.9372,0.02396502159535885
0.4548,0.9372,0.023930946364998817
0.4548,0.9376,0.023863935843110085
0.46,0.9376,0.02351345121860504
0.46,0.938,0.023464525118470192
0.4612,0.938,0.023408949375152588
0.4612,0.9384,0.02340526133775711
0.4616,0.9384,0.023401563987135887
0.4616,0.9388,0.02337828278541565
0.4624,0.9388,0.023361191153526306
0.4624,0.9392,0.02326241135597229
0.466,0.9392,0.02292247861623764
0.466,0.9396,0.022911814972758293
0.4692,0.9396,0.02272184006869793
0.4692,0.9404,0.022667571902275085
0.4696,0.9404,0.02263779006898403
0.4696,0.9408,0.022636480629444122
0.4712,0.9408,0.022310206666588783
0.4712,0.9416,0.022262580692768097
0.4732,0.9416,0.02214857004582882
0.4732,0.942,0.022134190425276756
0.4736,0.942,0.0220700204372406
0.4736,0.9424,0.02206793986260891
0.4752,0.9424,0.022034315392374992
0.4752,0.9432,0.022006697952747345
0.478,0.9432,0.021938374266028404
0.478,0.9436,0.021929653361439705
0.4804,0.9436,0.021805398166179657
0.4804,0.9444,0.02177359163761139
0.4824,0.9444,0.02168610692024231
0.4824,0.9448,0.021680133417248726
0.4828,0.9448,0.021672142669558525
0.4828,0.9452,0.02165033109486103
0.4832,0.9452,0.02161613292992115
0.4832,0.9456,0.021527504548430443
0.4844,0.9456,0.02146574668586254
0.4844,0.946,0.021380536258220673
0.4856,0.946,0.021344872191548347
0.4856,0.9464,0.021337129175662994
0.4888,0.9464,0.021188249811530113
0.4888,0.9468,0.02116534858942032
0.4892,0.9468,0.021118180826306343
0.4892,0.9472,0.021011097356677055
0.4896,0.9472,0.021009206771850586
0.4896,0.9476,0.02100473828613758
0.494,0.9476,0.020664934068918228
0.494,0.948,0.020605720579624176
0.4992,0.948,0.020304394885897636
0.4992,0.9484,0.02030215598642826
0.5008,0.9484,0.020249083638191223
0.5008,0.9488,0.020248401910066605
0.5024,0.9488,0.020151721313595772
0.5024,0.9492,0.020121227949857712
0.5036,0.9492,0.020073916763067245
0.5036,0.9496,0.019987842068076134
0.5068,0.9496,0.019698699936270714
0.5068,0.95,0.019632212817668915
0.5076,0.95,0.019590698182582855
0.5076,0.9504,0.019561022520065308
0.5092,0.9504,0.019457591697573662
0.5092,0.9508,0.01934451051056385
0.5112,0.9508,0.019269442185759544
0.5112,0.9512,0.01924658752977848
0.5132,0.9512,0.019135253503918648
0.5132,0.9516,0.019134800881147385
0.5152,0.9516,0.01909426413476467
0.5152,0.952,0.019085189327597618
0.518,0.952,0.019032493233680725
0.518,0.9524,0.019008329138159752
0.5188,0.9524,0.01898976042866707
0.5188,0.9528,0.018978038802742958
0.522,0.9528,0.018771113827824593
0.522,0.9532,0.01872728392481804
0.5236,0.9532,0.018673008307814598
0.5236,0.9536,0.018600093200802803
0.5308,0.9536,0.01838465966284275
0.5308,0.954,0.018377458676695824
0.5348,0.954,0.018149591982364655
0.5348,0.9548,0.018089493736624718
0.5372,0.9548,0.018022598698735237
0.5372,0.9552,0.0179793331772089
0.5428,0.9552,0.017647553235292435
0.5428,0.9556,0.017637692391872406
0.5436,0.9556,0.017595062032341957
0.5436,0.956,0.01755276694893837
0.544,0.956,0.017548860982060432
0.544,0.9564,0.017531121149659157
0.5464,0.9564,0.017405077815055847
0.5464,0.9568,0.017392979934811592
0.5512,0.9568,0.017045199871063232
0.5512,0.9572,0.01703461818397045
0.5544,0.9572,0.016941579058766365
0.5544,0.9576,0.01693101041018963
0.5584,0.9576,0.016765134409070015
0.5584,0.958,0.016727987676858902
0.5648,0.958,0.016319768503308296
0.5648,0.9588,0.016282839700579643
0.5672,0.9588,0.016222044825553894
0.5672,0.9596,0.016203170642256737
0.5676,0.9596,0.016146210953593254
0.5676,0.96,0.016131434589624405
0.5688,0.96,0.016066204756498337
0.5688,0.9604,0.01605301909148693
0.5764,0.9604,0.015725253149867058
0.5764,0.9608,0.01572388969361782
0.5868,0.9608,0.01516034733504057
0.5868,0.9612,0.015154232271015644
0.5956,0.9612,0.014743362553417683
0.5956,0.9616,0.01473298016935587
0.5964,0.9616,0.014686535112559795
0.5964,0.962,0.01467488706111908
0.5988,0.962,0.0146017549559474
0.5988,0.9624,0.014591791667044163
0.5992,0.9624,0.014552856795489788
0.5992,0.9628,0.014542557299137115
0.6012,0.9628,0.014493285678327084
0.6012,0.9632,0.014478989876806736
0.6024,0.9632,0.014449757523834705
0.6024,0.9636,0.014445952139794827
0.6068,0.9636,0.014250160194933414
0.6068,0.964,0.014250150881707668
0.6092,0.964,0.014160524122416973
0.6092,0.9644,0.014147698879241943
0.6096,0.9644,0.014142662286758423
0.6096,0.9652,0.014134999364614487
0.6128,0.9652,0.013909629546105862
0.6128,0.9656,0.01389947161078453
0.6156,0.9656,0.013788334093987942
0.6156,0.966,0.013776678591966629
0.6248,0.966,0.013446115888655186
0.6248,0.9664,0.013415689580142498
0.6252,0.9664,0.01340124849230051
0.6252,0.9668,0.013384186662733555
0.6288,0.9668,0.013145342469215393
0.6288,0.9672,0.013118866831064224
0.6308,0.9672,0.013056880794465542
0.6308,0.9676,0.013049446046352386
0.636,0.9676,0.012800741009414196
0.636,0.968,0.012796424329280853
0.64,0.968,0.012647729367017746
0.64,0.9684,0.012641369365155697
0.6456,0.9684,0.012446057982742786
0.6456,0.9688,0.012434623204171658
0.6472,0.9688,0.012404155917465687
0.6472,0.9692,0.012394574470818043
0.6476,0.9692,0.012388375587761402
0.6476,0.97,0.01237636897712946
0.6524,0.97,0.012245082296431065
0.6524,0.9704,0.012226867489516735
0.6548,0.9704,0.012136857956647873
0.6548,0.9708,0.012125314213335514
0.6556,0.9708,0.012108907103538513
0.6556,0.9712,0.012096515856683254
0.6644,0.9712,0.011734225787222385
0.6644,0.9716,0.011709419079124928
0.666,0.9716,0.011630657128989697
0.666,0.972,0.011630185879766941
0.6672,0.972,0.01159302145242691
0.6672,0.9724,0.011570494621992111
0.6732,0.9724,0.011363282799720764
0.6732,0.9732,0.011343780905008316
0.6768,0.9732,0.011245288886129856
0.6768,0.9736,0.011212463490664959
0.6796,0.9736,0.011101379990577698
0.6796,0.974,0.011085174046456814
0.6848,0.974,0.01087259128689766
0.6848,0.9744,0.010813683271408081
0.6872,0.9744,0.010732811875641346
0.6872,0.9748,0.010718594305217266
0.6908,0.9748,0.010578143410384655
0.6908,0.9752,0.010531147010624409
0.694,0.9752,0.01045310776680708
0.694,0.9756,0.010440140962600708
0.698,0.9756,0.010336934588849545
0.698,0.976,0.01032557524740696
0.6992,0.976,0.010305124334990978
0.6992,0.9764,0.010289177298545837
0.6996,0.9764,0.010275454260408878
0.6996,0.9768,0.01023660134524107
0.7012,0.9768,0.010152515023946762
0.7012,0.9772,0.010150101967155933
0.706,0.9772,0.01007381733506918
0.706,0.9776,0.010059810243546963
0.712,0.9776,0.009937277995049953
0.712,0.978,0.009912362322211266
0.7144,0.978,0.009870192967355251
0.7144,0.9784,0.009863718412816525
0.7212,0.9784,0.009577485732734203
0.7212,0.9788,0.00957273505628109
0.7308,0.9788,0.009325936436653137
0.7308,0.9796,0.009297411888837814
0.7352,0.9796,0.00917197484523058
0.7352,0.9804,0.009145894087851048
0.7396,0.9804,0.008989390917122364
0.7396,0.9808,0.008918426930904388
0.7404,0.9808,0.008867771364748478
0.7404,0.9812,0.00886117946356535
0.742,0.9812,0.008815205655992031
0.742,0.9816,0.00876580085605383
0.7452,0.9816,0.008617098443210125
0.7452,0.982,0.008543363772332668
0.7468,0.982,0.008496090769767761
0.7468,0.9824,0.008493048138916492
0.7476,0.9824,0.008485514670610428
0.7476,0.9828,0.008484694175422192
0.748,0.9828,0.008471369743347168
0.748,0.9832,0.008440588600933552
0.7504,0.9832,0.008343115448951721
0.7504,0.9836,0.00834095012396574
0.7508,0.9836,0.008334745652973652
0.7508,0.984,0.008334140293300152
0.7524,0.984,0.008286920376121998
0.7524,0.9844,0.008284101262688637
0.7576,0.9844,0.008079751394689083
0.7576,0.9852,0.008046760223805904
0.7724,0.9852,0.0075688050128519535
0.7724,0.9856,0.007565135136246681
0.7728,0.9856,0.0075372084975242615
0.7728,0.9864,0.007500786334276199
0.774,0.9864,0.007492318749427795
0.774,0.9872,0.007475977763533592
0.7952,0.9872,0.006863564718514681
0.7952,0.9876,0.006812673527747393
0.8004,0.9876,0.006666529458016157
0.8004,0.988,0.006659926380962133
0.802,0.988,0.006625184323638678
0.802,0.9884,0.006593851838260889
0.8048,0.9884,0.006522955372929573
0.8048,0.9888,0.006516628433018923
0.8128,0.9888,0.006268072873353958
0.8128,0.9892,0.006267376244068146
0.8148,0.9892,0.006183458026498556
0.8148,0.9896,0.006165864411741495
0.8184,0.9896,0.006044927518814802
0.8184,0.99,0.00604407349601388
0.8208,0.99,0.005994753446429968
0.8208,0.9904,0.0059831771068274975
0.8268,0.9904,0.005788701120764017
0.8268,0.9908,0.005781525745987892
0.8344,0.9908,0.0054811760783195496
0.8344,0.9912,0.005480020772665739
0.8352,0.9912,0.005450832191854715
0.8352,0.9916,0.005420672241598368
0.84,0.9916,0.005275636445730925
0.84,0.992,0.005246337968856096
0.8456,0.992,0.00510422931984067
0.8456,0.9924,0.005100997164845467
0.8512,0.9924,0.004893001634627581
0.8512,0.9928,0.004889470059424639
0.8604,0.9928,0.004616609308868647
0.8604,0.9932,0.004596630576997995
0.8676,0.9932,0.004475478082895279
0.8676,0.9936,0.004456894472241402
0.8712,0.9936,0.004372934345155954
0.8712,0.994,0.004349075257778168
0.8732,0.994,0.004300524014979601
0.8732,0.9944,0.004294836428016424
0.8768,0.9944,0.004252545069903135
0.8768,0.9948,0.004248413722962141
0.8964,0.9948,0.0037418666761368513
0.8964,0.9952,0.0037303154822438955
0.9,0.9952,0.0036792773753404617
0.9,0.9956,0.0036592157557606697
0.9032,0.9956,0.003586503677070141
0.9032,0.996,0.00357501651160419
0.9076,0.996,0.00351664493791759
0.9076,0.9964,0.0035154453944414854
0.9144,0.9964,0.0033374428749084473
0.9144,0.9968,0.0033306891564279795
0.918,0.9968,0.0032325515057891607
0.9188,0.9968,0.003194832243025303
0.9336,0.9968,0.00285541289485991
0.9336,0.9972,0.0028312280774116516
0.9432,0.9972,0.0025370349176228046
0.9432,0.9976,0.002526342635974288
0.9568,0.9976,0.002203296171501279
0.9568,0.998,0.0021988560911267996
0.9576,0.998,0.0021889442577958107
0.9576,0.9984,0.002187783131375909
0.9724,0.9984,0.0018104141345247626
0.9724,0.9988,0.0017681823810562491
0.9796,0.9988,0.0015960707096382976
0.9796,0.9992,0.0015598690370097756
0.98,0.9992,0.0015428027836605906
0.98,0.9996,0.0015291007002815604
0.9804,0.9996,0.0015181630151346326
0.9812,0.9996,0.0015064519830048084
0.9876,0.9996,0.0012734461342915893
0.9876,1.0,0.001259240205399692
0.9952,1.0,0.0008265416254289448
0.996,1.0,0.0008166898624040186
1.0,1.0,0.00032902066595852375
